accuracy,loss
0.46000000834465027,0.70650315284729
0.5,0.698854923248291
0.5199999809265137,0.6946849226951599
0.5099999904632568,0.6945852041244507
0.5099999904632568,0.693227231502533
